 : botafogo 1x0 ypiranga (ida: 2x0) infelizmente acabou a competitividade, não existe mais nenhum adversário a altura do botafogo no brasil e na américa do sul, talvez, a exemplo da austrália, que se mudou da oceania para o futebol asiático em busca de maiores desafios, esteja na hora do botafogo ir pra europa : goooooooooooooooooooooooooooooooooooooooooooooooooooooooooooooooooooooooooooooooooooooooooooooooooooooooooooooooooooooooooooo… mano .... se tem um cara que eu acredito muito nesse novo #botafogo é o #janderson. moleke bola, que como falávamos antigamente joga por um prato de comida sempre. o pres. do vasco respondeu de forma contundente e ficou no mesmo campeonato, sendo inclusive campeão dnv. a amea, com botafogo, fla, flu, bangu, america, e acho q outros times também, sentiu falta do dinheiro que o vasco botava na mesa, pq seus jogos atraíam muito público. "o que gerou revolta pelos outros clubes tradicionais, como américa, botafogo, flamengo e fluminense. eles formaram uma liga alternativa, exigindo que o vasco expulsasse seus atletas negros para que pudesse ser admitido no novo campeonato." aí é que tá o problema. no início do século xx, o futebol no brasil era majoritariamente praticado por pessoas brancas. embora não houvesse uma proibição formal contra jogadores negros, a discriminação racial e o preconceito social dificultavam a inclusão de negros no espoe. contextualizando, quais eram os times de futebol da época? haviam muitos clubes que foram dissolvidos, criados posteriormente, mas os principais em 1905 eram: américa, o rio cricket, fluminense, botafogo e bangu. gooooooooooooooooooooooooooooooooooooooooooooooooooooooooooooooooooooooooooooooooooooooooooooooooooooooooooooooooooooooooooooooooooooooooooooooooooooooooooooooooooooooooooooooooollllll do fogãoooooooo! jaaaaaaaandeeeerson! assistindo botafogo x ypiranga pela copa do brasil. cheguei a notificação do app gol do botafogo 2x0), mas só veio saiu o jogo quase 2 minutos depois pela transmissão esse mlk que fez gol pelo o botafogo merece d+ n tô aqui p provocar ou botar mais fogo nessa lenha bizarra entre as torcidas. vc cumpre impoante papel em tentar desmistificar a hist. do pó de arroz. de mesmo modo, peço q n alimente outras falácias! não aguento mais ele gostando mais do botafogo do que de mim. desculpa, não da, as vezes eu mando algo super animadinha e ele ignora falando do botafogo, não é possível que isso seja normal nao nem deus tira a vitória do flamengo domingo contra o botafogo no maracanã, infelizmente o mengao irá oprimir meu mísero botafoguinho indefeso, tenha piedade do meu botafogo, mengão� "essa é a estação final e o desembarque é obrigatório... queria parabenizar a todos pelas vi tórias de hoje e desejar muitas conquistas.. o metrô rio agradece a preferência" gooooooooooooooooool é do botafogo ��� : gooooooooooooooooo
ooooooooooooooooooooooooooooooooooooooooooooooooooooooooooooooooooooooooooooooooooooooooooooooooooooooooooo… goooooooooooooooooooooooooooooooooooooooooooooooooooooooooooooooooooooooooooooooooooooooooooooooolllllllllllllllllllllllllllllllllllllllllllllllllllllllllllllllllllll jandersoonn goooooooooooooooooooooooooooooooooooooooooooooooooooooooooooooooooooooooooooooooooooooooooooooooolllllllllllllllllllllllllllllllllllllllllllllllllllllllllllllllllllll jandersoonn se o dodô, com a idade atual, estivesse em campo, teria feito, no mínimo, 5 gols....esses jogadores do botafogo miram no goleiro... não sabem o que fazer no ataque muito que bom que o botafogo tá ganhando hoje. quanto mais felizes estiverem hoje melhor pra despencar em tristeza no domingo quando o flamengo amassar esse timeco. gol do botafogo com jogada dos dois. que passe do paraguaio, tem muita categoria. excelente contratação do botafogo. janderson merecia demais um gol. que prospecção absurda foi matías segovia. ponta rápido, habilidoso e jovem. o botafogo aceou em cheio na contratação. futuro imenso pela frente botafogo foi encontrar o ótimo segóvia no guarani do paraguai mas o paulandré não encontrou nenhum estrangeiro pra reforçar a defesa do cruzeiro : goooooooooooooooooooooooooooooooooooooooooooooooooooooooooooooooooooooooooooooooooooooooooooooooooooooooooooooooooooooooooooo… vamos de exposed! me incomoda também, mas foi um jogo em que o botafogo produziu bastante com o time reserva, o goleiro dos caras foi um dos melhores em campo. : goooooooooooooooooooooooooooooooooooooooooooooooooooooooooooooooooooooooooooooooooooooooooooooooooooooooooooooooooooooooooooo… merece muito!!! meu amigo esse matias segovia do botafogo é uma obra de ae pow , não é pq é do botafogo não, mais o menino jogando é lindo demais . o primeiro toque do rafael na bola foi um passe errado. a melhor chance do ypiranga no jogo, rafael cedeu. impossível gostar desse cara goooooooooooooool hahahahahahahahahahahahahhahaahahahahhahahahahaahahahahahhahahahahahahahahahahahhahahahahhhaahhahahahahahahahah vamooo péssima notícia,já vi nas bolas de cristal e um mal negócio, o cara não quer jogar em alto nível só ganhar dinheiro �� : o mais comico desses ataques da torcida do vasco ao fluminense , com acusações de racismo
na década de 1920 , é que eles… po ele deixou um monte de vezes victor sá e janderson na cara do gol, acabou de dar assistência inclusive, ele ta jogando muito : o mais comico desses ataques da torcida do vasco ao fluminense , com acusações de racismo na década de 1920 , é que eles… : o mais comico desses ataques da torcida do vasco ao fluminense , com acusações de racismo na década de 1920 , é que eles… : "deixa eu falar. que falta de respeito vocês têm com o botafogo do rio. o botafogo é um dos maiores clubes do mundo, fo… : "deixa eu falar. que falta de respeito vocês têm com o botafogo do rio. o botafogo é um dos maiores clubes do mundo, fo… opounidades não faltou para o ypiranga. para o botafogo também não. mas, o botafogo aproveitou a opounidade e balançou a rede lembrando que o mínimo de destaque que um time tiver, vai perder metade dos titulares pra série b na próxima janela em julho. : goooooooooooooooooooooooooooooooooooooooooooooooooooooooooooooooooooooooooooooooooooooooooooooooooooooooooooooooooooooooooooo… : goooooooooooooooooooooooooooooooooooooooooooooooooooooooooooooooooooooooooooooooooooooooooooooooooooooooooooooooooooooooooooo… : goooooooooooooooooooooooooooooooooooooooooooooooooooooooooooooooooooooooooooooooooooooooooooooooooooooooooooooooooooooooooooo… : goooooooooooooooooooooooooooooooooooooooooooooooooooooooooooooooooooooooooooooooooooooooooooooooooooooooooooooooooooooooooooo… : goooooooooooooooooooooooooooooooooooooooooooooooooooooooooooooooooooooooooooooooooooooooooooooooooooooooooooooooooooooooooooo… : goooooooooooooooooooooooooooooooooooooooooooooooooooooooooooooooooooooooooooooooooooooooooooooooooooooooooooooooooooooooooooo… : goooooooooooooooooooooooooooooooooooooooooooooooooooooooooooooooooooooooooooooooooooooooooooooooooooooooooooooooooooooooooooo… : goooooooooooooooooooooooooooooooooooooooooooooooooooooooooooooooooooooooooooooooooooooooooooooooooooooooooooooooooooooooooooo… : goooooooooooooooooooooooooooooooooooooooooooooooooooooooooooooooooooooooooooooooooooooooooooooooooooooooooooooooooooooooooooo… : goooooooooooooooooooooooooooooooooooooooooooooooooooooooooooooooooooooooooooooooooooooooooooooooooooooooooooooooooooooooooooo… : goooooooooooooooooooooooooooooooooooooooooooooooooooooooooooooooooooooooooooooooooooooooooooooooooooooooooooooooooooooooooooo… : goooooooooooooooooooooooooooooooooooooooooooooooooooooooooooooooooooooooooooooooooooooooooooooooooooooooooooooooooooooooooooo… : goooooooooooooooooooooooooooooooooooooooooooooooooooooooooooooooooooooooooooooooooooooooooooooooooooooooooooooooooooooooooooo… : goooooooooooooooooooooooooooooooooooooooooooooooooooooooooooooooooooooooooooooooooooooooooooooooooooooooooooooooooooooooooooo… : goooooooooooooooooooooooooooooooooooooooooooooooooooooooooooooooooooooooooooooooooooooooooooooooooooooooooooooooooooooooooooo… : goooooooooooooooooooooooooooooooooooooooooooooooooooooooooooooooooooooooooooooooooooooooooooooooooooooooooooooooooooooooooooo… : goooooooooooooooooooooooooooooooooooooooooooooooooooooooooooooooooooooooooooooooooooooooooooooooooooooooooooooooooooooooooooo… : goooooooooooooooooooooooooooooooooooooooooooooooooooooooooooooooooooooooooooooooooooooooooooooooooooooooooooooooooooooooooooo… : goooooooooooooooooooooooooooooooooooooooooooooooooooooooooooooooooooooooooooooooooooooooooooooooooooooooooooooooooooooooooooo… : goooooooooooooooooooooooooooooooooooooooooooooooooooooooooooooooooooooooooooooooooooooooooooooooooooooooooooooooooooooooooooo… : goooooooooooooooooooooooooooooooooooooooooooooooooooooooooooooooooooooooooooooooooooooooooooooooooooooooooooooooooooooooooooo… : goooooooooooooooooooooooooooooooooooooooooooooooooooooooooooooooooooooooooooooooooooooooooooooooooooooooooooooooooooooooooooo… : goooooooooooooooooooooooooooooooooooooooooooooooooooooooooooooooooooooooooooooooooooooooooooooooooooooooooooooooooooooooooooo… : goooooooooooooooooooooooooooooooooooooooooooooooooooooooooooooooooooooooooooooooooooooooooooooooooooooooooooooooooooooooooooo… : goooooooooooooooooooooooooooooooooooooooooooooooooooooooooooooooooooooooooooooooooooooooooooooooooooooooooooooooooooooooooooo… : goooooooooooooooooooooooooooooooooooooooooooooooooooooooooooooooooooooooooooooooooooooooooooooooooooooooooooooooooooooooooooo… : goooooooooooooooooooooooooooooooooooooooooooooooooooooooooooooooooooooooooooooooooooooooooooooooooooooooooooooooooooooooooooo… : goooooooooooooooooooooooooooooooooooooooooooooooooooooooooooooooooooooooooooooooooooooooooooooooooooooooooooooooooooooooooooo… : goooooooooooooooooooooooooooooooooooooooooooooooooooooooooooooooooooooooooooooooooooooooooooooooooooooooooooooooooooooooooooo… : goooooooooooooooooooooooooooooooooooooooooooooooooooooooooooooooooooooooooooooooooooooooooooooooooooooooooooooooooooooooooooo… : goooooooooooooooooooooooooooooooooooooooooooooooooooooooooooooooooooooooooooooooooooooooooooooooooooooooooooooooooooooooooooo… : goooooooooooooooooooooooooooooooooooooooooooooooooooooooooooooooooooooooooooooooooooooooooooooooooooooooooooooooooooooooooooo… : goooooooooooooooooooooooooooooooooooooooooooooooooooooooooooooooooooooooooooooooooooooooooooooooooooooooooooooooooooooooooooo… : goooooooooooooooooooooooooooooooooooooooooooooooooooooooooooooooooooooooooooooooooooooooooooooooooooooooooooooooooooooooooooo… : goooooooooooooooooooooooooooooooooooooooooooooooooooooooooooooooooooooooooooooooooooooooooooooooooooooooooooooooooooooooooooo… : goooooooooooooooooooooooooooooooooooooooooooooooooooooooooooooooooooooooooooooooooooooooooooooooooooooooooooooooooooooooooooo… : goooooooooooooooooooooooooooooooooooooooooooooooooooooooooooooooooooooooooooooooooooooooooooooooooooooooooooooooooooooooooooo… : goooooooooooooooooooooooooooooooooooooooooooooooooooooooooooooooooooooooooooooooooooooooooooooooooooooooooooooooooooooooooooo… : goooooooooooooooooooooooooooooooooooooooooooooooooooooooooooooooooooooooooooooooooooooooooooooooooooooooooooooooooooooooooooo… : goooooooooooooooooooooooooooooooooooooooooooooooooooooooooooooooooooooooooooooooooooooooooooooooooooooooooooooooooooooooooooo… : goooooooooooooooooooooooooooooooooooooooooooooooooooooooooooooooooooooooooooooooooooooooooooooooooooooooooooooooooooooooooooo… : goooooooooooooooooooooooooooooooooooooooooooooooooooooooooooooooooooooooooooooooooooooooooooooooooooooooooooooooooooooooooooo… : goooooooooooooooooooooooooooooooooooooooooooooooooooooooooooooooooooooooooooooooooooooooooooooooooooooooooooooooooooooooooooo… : goooooooooooooooooooooooooooooooooooooooooooooooooooooooooooooooooooooooooooooooooooooooooooooooooooooooooooooooooooooooooooo… : goooooooooooooooooooooooooooooooooooooooooooooooooooooooooooooooooooooooooooooooooooooooooooooooooooooooooooooooooooooooooooo… : goooooooooooooooooooooooooooooooooooooooooooooooooooooooooooooooooooooooooooooooooooooooooooooooooooooooooooooooooooooooooooo… : goooooooooooooooooooooooooooooooooooooooooooooooooooooooooooooooooooooooooooooooooooooooooooooooooooooooooooooooooooooooooooo… : goooooooooooooooooooooooooooooooooooooooooooooooooooooooooooooooooooooooooooooooooooooooooooooooooooooooooooooooooooooooooooo… : goooooooooooooooooooooooooooooooooooooooooooooooooooooooooooooooooooooooooooooooooooooooooooooooooooooooooooooooooooooooooooo… : goooooooooooooooooooooooooooooooooooooooooooooooooooooooooooooooooooooooooooooooooooooooooooooooooooooooooooooooooooooooooooo… : goooooooooooooooooooooooooooooooooooooooooooooooooooooooooooooooooooooooooooooooooooooooooooooooooooooooooooooooooooooooooooo… : goooooooooooooooooooooooooooooooooooooooooooooooooooooooooooooooooooooooooooooooooooooooooooooooooooooooooooooooooooooooooooo… : goooooooooooooooooooooooooooooooooooooooooooooooooooooooooooooooooooooooooooooooooooooooooooooooooooooooooooooooooooooooooooo… : goooooooooooooooooooooooooooooooooooooooooooooooooooooooooooooooooooooooooooooooooooooooooooooooooooooooooooooooooooooooooooo… : goooooooooooooooooooooooooooooooooooooooooooooooooooooooooooooooooooooooooooooooooooooooooooooooooooooooooooooooooooooooooooo… : goooooooooooooooooooooooooooooooooooooooooooooooooooooooooooooooooooooooooooooooooooooooooooooooooooooooooooooooooooooooooooo… : goooooooooooooooooooooooooooooooooooooooooooooooooooooooooooooooooooooooooooooooooooooooooooooooooooooooooooooooooooooooooooo… : goooooooooooooooooooooooooooooooooooooooooooooooooooooooooooooooooooooooooooooooooooooooooooooooooooooooooooooooooooooooooooo… : goooooooooooooooooooooooooooooooooooooooooooooooooooooooooooooooooooooooooooooooooooooooooooooooooooooooooooooooooooooooooooo… : goooooooooooooooooooooooooooooooooooooooooooooooooooooooooooooooooooooooooooooooooooooooooooooooooooooooooooooooooooooooooooo… : goooooooooooooooooooooooooooooooooooooooooooooooooooooooooooooooooooooooooooooooooooooooooooooooooooooooooooooooooooooooooooo… : goooooooooooooooooooooooooooooooooooooooooooooooooooooooooooooooooooooooooooooooooooooooooooooooooooooooooooooooooooooooooooo… : goooooooooooooooooooooooooooooooooooooooooooooooooooooooooooooooooooooooooooooooooooooooooooooooooooooooooooooooooooooooooooo… : goooooooooooooooooooooooooooooooooooooooooooooooooooooooooooooooooooooooooooooooooooooooooooooooooooooooooooooooooooooooooooo… : goooooooooooooooooooooooooooooooooooooooooooooooooooooooooooooooooooooooooooooooooooooooooooooooooooooooooooooooooooooooooooo… : goooooooooooooooooooooooooooooooooooooooooooooooooooooooooooooooooooooooooooooooooooooooooooooooooooooooooooooooooooooooooooo… : goooooooooooooooooooooooooooooooooooooooooooooooooooooooooooooooooooooooooooooooooooooooooooooooooooooooooooooooooooooooooooo… : goooooooooooooooooooooooooooooooooooooooooooooooooooooooooooooooooooooooooooooooooooooooooooooooooooooooooooooooooooooooooooo… : goooooooooooooooooooooooooooooooooooooooooooooooooooooooooooooooooooooooooooooooooooooooooooooooooooooooooooooooooooooooooooo… : goooooooooooooooooooooooooooooooooooooooooooooooooooooooooooooooooooooooooooooooooooooooooooooooooooooooooooooooooooooooooooo… : goooooooooooooooooooooooooooooooooooooooooooooooooooooooooooooooooooooooooooooooooooooooooooooooooooooooooooooooooooooooooooo… : goooooooooooooooooooooooooooooooooooooooooooooooooooooooooooooooooooooooooooooooooooooooooooooooooooooooooooooooooooooooooooo… : goooooooooooooooooooooooooooooooooooooooooooooooooooooooooooooooooooooooooooooooooooooooooooooooooooooooooooooooooooooooooooo… : goooooooooooooooooooooooooooooooooooooooooooooooooooooooooooooooooooooooooooooooooooooooooooooooooooooooooooooooooooooooooooo… : goooooooooooooooooooooooooooooooooooooooooooooooooooooooooooooooooooooooooooooooooooooooooooooooooooooooooooooooooooooooooooo… : goooooooooooooooooooooooooooooooooooooooooooooooooooooooooooooooooooooooooooooooooooooooooooooooooooooooooooooooooooooooooooo… : goooooooooooooooooooooooooooooooooooooooooooooooooooooooooooooooooooooooooooooooooooooooooooooooooooooooooooooooooooooooooooo… : goooooooooooooooooooooooooooooooooooooooooooooooooooooooooooooooooooooooooooooooooooooooooooooooooooooooooooooooooooooooooooo… : goooooooooooooooooooooooooooooooooooooooooooooooooooooooooooooooooooooooooooooooooooooooooooooooooooooooooooooooooooooooooooo… : goooooooooooooooooooooooooooooooooooooooooooooooooooooooooooooooooooooooooooooooooooooooooooooooooooooooooooooooooooooooooooo… : goooooooooooooooooooooooooooooooooooooooooooooooooooooooooooooooooooooooooooooooooooooooooooooooooooooooooooooooooooooooooooo… : goooooooooooooooooooooooooooooooooooooooooooooooooooooooooooooooooooooooooooooooooooooooooooooooooooooooooooooooooooooooooooo… : goooooooooooooooooooooooooooooooooooooooooooooooooooooooooooooooooooooooooooooooooooooooooooooooooooooooooooooooooooooooooooo… : goooooooooooooooooooooooooooooooooooooooooooooooooooooooooooooooooooooooooooooooooooooooooooooooooooooooooooooooooooooooooooo… : goooooooooooooooooooooooooooooooooooooooooooooooooooooooooooooooooooooooooooooooooooooooooooooooooooooooooooooooooooooooooooo… : goooooooooooooooooooooooooooooooooooooooooooooooooooooooooooooooooooooooooooooooooooooooooooooooooooooooooooooooooooooooooooo… : goooooooooooooooooooooooooooooooooooooooooooooooooooooooooooooooooooooooooooooooooooooooooooooooooooooooooooooooooooooooooooo… : goooooooooooooooooooooooooooooooooooooooooooooooooooooooooooooooooooooooooooooooooooooooooooooooooooooooooooooooooooooooooooo… : goooooooooooooooooooooooooooooooooooooooooooooooooooooooooooooooooooooooooooooooooooooooooooooooooooooooooooooooooooooooooooo… : goooooooooooooooooooooooooooooooooooooooooooooooooooooooooooooooooooooooooooooooooooooooooooooooooooooooooooooooooooooooooooo… : goooooooooooooooooooooooooooooooooooooooooooooooooooooooooooooooooooooooooooooooooooooooooooooooooooooooooooooooooooooooooooo… : goooooooooooooooooooooooooooooooooooooooooooooooooooooooooooooooooooooooooooooooooooooooooooooooooooooooooooooooooooooooooooo… : goooooooooooooooooooooooooooooooooooooooooooooooooooooooooooooooooooooooooooooooooooooooooooooooooooooooooooooooooooooooooooo… : goooooooooooooooooooooooooooooooooooooooooooooooooooooooooooooooooooooooooooooooooooooooooooooooooooooooooooooooooooooooooooo… : goooooooooooooooooooooooooooooooooooooooooooooooooooooooooooooooooooooooooooooooooooooooooooooooooooooooooooooooooooooooooooo… : goooooooooooooooooooooooooooooooooooooooooooooooooooooooooooooooooooooooooooooooooooooooooooooooooooooooooooooooooooooooooooo… : goooooooooooooooooooooooooooooooooooooooooooooooooooooooooooooooooooooooooooooooooooooooooooooooooooooooooooooooooooooooooooo… : goooooooooooooooooooooooooooooooooooooooooooooooooooooooooooooooooooooooooooooooooooooooooooooooooooooooooooooooooooooooooooo… : goooooooooooooooooooooooooooooooooooooooooooooooooooooooooooooooooooooooooooooooooooooooooooooooooooooooooooooooooooooooooooo… : goooooooooooooooooooooooooooooooooooooooooooooooooooooooooooooooooooooooooooooooooooooooooooooooooooooooooooooooooooooooooooo… : goooooooooooooooooooooooooooooooooooooooooooooooooooooooooooooooooooooooooooooooooooooooooooooooooooooooooooooooooooooooooooo… : goooooooooooooooooooooooooooooooooooooooooooooooooooooooooooooooooooooooooooooooooooooooooooooooooooooooooooooooooooooooooooo… : goooooooooooooooooooooooooooooooooooooooooooooooooooooooooooooooooooooooooooooooooooooooooooooooooooooooooooooooooooooooooooo… : goooooooooooooooooooooooooooooooooooooooooooooooooooooooooooooooooooooooooooooooooooooooooooooooooooooooooooooooooooooooooooo… : goooooooooooooooooooooooooooooooooooooooooooooooooooooooooooooooooooooooooooooooooooooooooooooooooooooooooooooooooooooooooooo… : goooooooooooooooooooooooooooooooooooooooooooooooooooooooooooooooooooooooooooooooooooooooooooooooooooooooooooooooooooooooooooo… : goooooooooooooooooooooooooooooooooooooooooooooooooooooooooooooooooooooooooooooooooooooooooooooooooooooooooooooooooooooooooooo… : goooooooooooooooooooooooooooooooooooooooooooooooooooooooooooooooooooooooooooooooooooooooooooooooooooooooooooooooooooooooooooo… : goooooooooooooooooooooooooooooooooooooooooooooooooooooooooooooooooooooooooooooooooooooooooooooooooooooooooooooooooooooooooooo… : goooooooooooooooooooooooooooooooooooooooooooooooooooooooooooooooooooooooooooooooooooooooooooooooooooooooooooooooooooooooooooo… : goooooooooooooooooooooooooooooooooooooooooooooooooooooooooooooooooooooooooooooooooooooooooooooooooooooooooooooooooooooooooooo… : goooooooooooooooooooooooooooooooooooooooooooooooooooooooooooooooooooooooooooooooooooooooooooooooooooooooooooooooooooooooooooo… : goooooooooooooooooooooooooooooooooooooooooooooooooooooooooooooooooooooooooooooooooooooooooooooooooooooooooooooooooooooooooooo… : goooooooooooooooooooooooooooooooooooooooooooooooooooooooooooooooooooooooooooooooooooooooooooooooooooooooooooooooooooooooooooo… : goooooooooooooooooooooooooooooooooooooooooooooooooooooooooooooooooooooooooooooooooooooooooooooooooooooooooooooooooooooooooooo… : goooooooooooooooooooooooooooooooooooooooooooooooooooooooooooooooooooooooooooooooooooooooooooooooooooooooooooooooooooooooooooo… : goooooooooooooooooooooooooooooooooooooooooooooooooooooooooooooooooooooooooooooooooooooooooooooooooooooooooooooooooooooooooooo… : goooooooooooooooooooooooooooooooooooooooooooooooooooooooooooooooooooooooooooooooooooooooooooooooooooooooooooooooooooooooooooo… : goooooooooooooooooooooooooooooooooooooooooooooooooooooooooooooooooooooooooooooooooooooooooooooooooooooooooooooooooooooooooooo… : goooooooooooooooooooooooooooooooooooooooooooooooooooooooooooooooooooooooooooooooooooooooooooooooooooooooooooooooooooooooooooo… : goooooooooooooooooooooooooooooooooooooooooooooooooooooooooooooooooooooooooooooooooooooooooooooooooooooooooooooooooooooooooooo… : goooooooooooooooooooooooooooooooooooooooooooooooooooooooooooooooooooooooooooooooooooooooooooooooooooooooooooooooooooooooooooo… : goooooooooooooooooooooooooooooooooooooooooooooooooooooooooooooooooooooooooooooooooooooooooooooooooooooooooooooooooooooooooooo… : goooooooooooooooooooooooooooooooooooooooooooooooooooooooooooooooooooooooooooooooooooooooooooooooooooooooooooooooooooooooooooo… : goooooooooooooooooooooooooooooooooooooooooooooooooooooooooooooooooooooooooooooooooooooooooooooooooooooooooooooooooooooooooooo… : goooooooooooooooooooooooooooooooooooooooooooooooooooooooooooooooooooooooooooooooooooooooooooooooooooooooooooooooooooooooooooo… : goooooooooooooooooooooooooooooooooooooooooooooooooooooooooooooooooooooooooooooooooooooooooooooooooooooooooooooooooooooooooooo… : goooooooooooooooooooooooooooooooooooooooooooooooooooooooooooooooooooooooooooooooooooooooooooooooooooooooooooooooooooooooooooo… : goooooooooooooooooooooooooooooooooooooooooooooooooooooooooooooooooooooooooooooooooooooooooooooooooooooooooooooooooooooooooooo… : goooooooooooooooooooooooooooooooooooooooooooooooooooooooooooooooooooooooooooooooooooooooooooooooooooooooooooooooooooooooooooo… : goooooooooooooooooooooooooooooooooooooooooooooooooooooooooooooooooooooooooooooooooooooooooooooooooooooooooooooooooooooooooooo… : goooooooooooooooooooooooooooooooooooooooooooooooooooooooooooooooooooooooooooooooooooooooooooooooooooooooooooooooooooooooooooo… : goooooooooooooooooooooooooooooooooooooooooooooooooooooooooooooooooooooooooooooooooooooooooooooooooooooooooooooooooooooooooooo… : goooooooooooooooooooooooooooooooooooooooooooooooooooooooooooooooooooooooooooooooooooooooooooooooooooooooooooooooooooooooooooo… : goooooooooooooooooooooooooooooooooooooooooooooooooooooooooooooooooooooooooooooooooooooooooooooooooooooooooooooooooooooooooooo… : goooooooooooooooooooooooooooooooooooooooooooooooooooooooooooooooooooooooooooooooooooooooooooooooooooooooooooooooooooooooooooo… : goooooooooooooooooooooooooooooooooooooooooooooooooooooooooooooooooooooooooooooooooooooooooooooooooooooooooooooooooooooooooooo… : goooooooooooooooooooooooooooooooooooooooooooooooooooooooooooooooooooooooooooooooooooooooooooooooooooooooooooooooooooooooooooo… o garoto, que veio do time b, aproveitou lindo passe de matias segovia, saiu na cara do gol e mandou para o fundo das redes! : goooooooooooooooooooooooooooooooooooooooooooooooooooooooooooooooooooooooooooooooooooooooooooooooooooooooooooooooooooooooooooo… : goooooooooooooooooooooooooooooooooooooooooooooooooooooooooooooooooooooooooooooooooooooooooooooooooooooooooooooooooooooooooooo… : goooooooooooooooooooooooooooooooooooooooooooooooooooooooooooooooooooooooooooooooooooooooooooooooooooooooooooooooooooooooooooo… : goooooooooooooooooooooooooooooooooooooooooooooooooooooooooooooooooooooooooooooooooooooooooooooooooooooooooooooooooooooooooooo… : goooooooooooooooooooooooooooooooooooooooooooooooooooooooooooooooooooooooooooooooooooooooooooooooooooooooooooooooooooooooooooo… como pode o lateral direito titular do botafogo joga melhor improvisado na esquerda do q na posição do origem que porra é essa : a diretoria do botafogo merece muitos elogios pela contratação de lucas perri. um baita goleiro que estava no náutico (… : a diretoria do botafogo merece muitos elogios pela contratação de lucas perri. um baita goleiro que estava no náutico (… perdem gol demais, desperdiçam contra ataques a esmo, e isso nao é de hoje.. mas se vc reclamar, está torcendo contra que bola do segovia pqp que gol meu amigo!!!! janderson vai disputar essa titularidade tranquilo daqui alguns meses tu vai ver e vou te contar, que sofrimento � quem escreveu essa merda foi o p edro felipe morais. ele é estudante de jornalismo n… a pair do jogo contra o são paulo, o botafogo virou a chave legal. tudo bem diferente. time do luís castro evoluiu muito. a odd do botafogo 5.80 contra os imundos kkkkkkkkkkkkkk tô rindo pq tá dando vontade de apostar o dinheiro que nem tenho e o são paulo passando perrengue com goleiros kk muito feliz, não só pela vitória e pelo gol, mas pelo janderson. 88' gol do botafogo! janderson sai cara a cara com caíque e marca o segundo gol do time alvinegro na reta final de jogo. o próximo borderô vem de botafogo x ypiranga: nilton santos com 9.843 pagantes, 11.088 presentes e r$ 501.750,00. botafogo praticando o futebol profissional, fazendo uso de rotação de elenco. eu nunca tinha visto. impressionante. : todo jogo dia de semana o fluminense tem colocado +25/30k e a torcida do botafogo é a primeira a querer vir gastar. : repito: um dos maiores aceos do botafogo pra 2023 foi trocar o gramado, é muito nítido como o jogo flui melhor. lembro que se destacou pelo boa espoe na série b de 2014 fazendo vários gols assim e de ir para o botafogo em 2015. : repito: um dos maiores aceos do botafogo pra 2023 foi trocar o gramado, é muito nítido como o jogo flui melhor. todo jogo dia de semana o fluminense tem colocado +25/30k e a torcida do botafogo é a primeira a querer vir gastar. gooooooooooooooool do botafogo! janderson amplia o placar para o fogão contra o ypiranga: 2x0! #copadobrasil2023 a paida da copa do brasil ainda nem acabou, mas a torcida do fogão já tá animada para o clássico no domingo! que homem que essa camisa 39 faça muitos gols, me dê muitas alegrias e de quebra venha para a minha coleção. aquela derrota por 1-0 em que ele finaliza na trave, a bola acea o paulo victor na volta e entra foi doída. : vocês acham que o botafoguense vai se iludir com um stories simples desse aí, postado pelo marcos leite? com passe de matías segovia, janderson entra cara a cara e manda para o fundo do gol, ampliando o placar. é gol do botafogo! em um baita contra ataque, janderson empurra para o fundo das redes e amplia a vantagem. jogador tb n precisa fcr correndo igual um touro o jogo todo. mlk é ágil e se movimenta mt sem bola e com vitinho lasanha passou na transmissão do jogo do botafogo, de peo é feio, de longe parece que tá peo janderson confirma a classificação do fogão para as oitavas! 2x0 ypiranga no niltão. 4 a 0 no agregado! ainda bem que o botafogo existe pros torcedores fazerem a gente rir um pouquinho nessa vida tão difícil. todos os goleiros do são paulo ainda vivem com a eterna sombra do rogério ceni! queimaram legal o perri! em contragolpe moal, matías segovia lança na medida para janderson marcar o 2º do botafogo na paida. g�⚽️�⚽️�⚽️�⚽️�⚽️�⚽️�⚽️�⚽️�⚽️l do botafogo! porra, o time não consegue finalizar um contra ataque. marlon freitas deixou o futebol
no atlético. o tanto que eu torci para ele fazer um gol não tá escrito mds���������� namoral, o segovinha é um absurdo, que puta acha
do do botafogo, o lyon ta gozando com esse menor #botafogo #copabetanodobrasil #vamosbotafogo #vouteapoiarateofinal #botxypi #timetosetfire #botafogo #copabetanodobrasil #vamosbotafogo #vouteapoiarateofinal #botxypi #timetosetfire janderson aumenta para 2x0, o botafogo vence e elimina o ypiranga rs. cria da base. ���� matheus nascimento abriu o placar para o fogão no nilton santos. ⚽️� #vouteapoiaratéofinal matheus nasci
mento abriu o placar para o fogão no nilton santos. ⚽️� #vouteapoiaratéofinal ����������� ��������������  todas as veze
s que o grêmio eliminou o são paulo foi pra final, porém só foi campeão em uma eu preciso pontuar que o botafogo tem um plantel de respeito, além de coesão no estilo de jogo dito isso, o valor tá no equilíbrio de quem não vai mudar tanto o elenco. odd 10 do paysandu : o depaamento de futebol do figueirense informa a contratação do atacante gabriel conceição. matheus nascimento e janderson deixaram os seus. que dê confiança a eles para o resto do ano. se não tivesse ganhado de 2x0 fora de casa, estaria jogando com os titulares e goleando hj maior atuação de um goleiro em um jogo de futebol foi o wagner na final de 95. surreal !!! aleluiaaaaaa golllllllllllllllll assistência de segovinha e gol de janderson 2 a 0 botafogo o ruim do botafogo jogar com time reserva é que tem jogador q tem medo de chutar pra o gol botafogo doído pra levar um gol do ypiranga. time jogando no modo soneca neste 2º tempo. segovinha de um lado, nosso cragre favorito do outro (improvisa ele na direita fodas). : "estou aqui para guerrear pelo botafogo" - matheus nascimento, ao prime video. botafogo de futebol e regatas meus amigos ����������� te
nho um comentário sobre um jogador do botafogo, mas só farei no final da paida. não fosse o garrincha o botafogo teria patamar parecido com o america e não é meme rafael parece um cara que pegaram da torcida e jogaram em campo, não é possível. #botafogo #copabetanodobrasil #vamosbotafogo #vouteapoiarateofinal #botxypi #botafogo #copabetanodobrasil #vamosbotafogo #vouteapoiarateofinal #botxypi me amarro nesse mlc que está narrando o jogo do botafogo mané. muita resenha kkkkkk em todas as paicipações, esteve presente na competição! 100% de aproveitamento : impoante demais os 2 jovens atacantes do elenco do botafogo terem feito gols hoje. : impoante demais os 2 jovens atacantes do elenco do botafogo terem feito gols hoje. pesquisa informal aqui, cite times brasileiros: que você simpatiza: 3 - grêmio impoante demais os 2 jovens atacantes do elenco do botafogo terem feito gols hoje. : rômulo mendonça: "a torcida do botafogo faz a festa, aumenta o som!" : rômulo mendonça: "a torcida do botafogo faz a festa, aumenta o som!" : rômulo mendonça: "a torcida do botafogo faz a festa, aumenta o som!" é mais um gol do botafogo!!!! pedi um time e estão me dando uma seleção ué já tomei spoiler pelo onefootball agora tomei spoiler pelo twitter do botafogo : matí segovia puxou o contra-ataque e serviu para o janderson matar o jogo!! : matí segovia puxou o contra-ataque e serviu para o janderson matar o jogo!! : matí segovia puxou o contra-ataque e serviu para o janderson matar o jogo!! no ano seguinte foi convidado à liga, sem precisar se desfazer dos atletas. : matí segovia puxou o contra-ataque e serviu para o janderson matar o jogo!! impresionante como o rafael não consegue engrenar nessa lateral do botafogo matí segovia puxou o contra-ataque e serviu para o janderson matar o jogo!! único aceo! pq o resto do time é horrível! um mais peladeiro que o outro : gol! botafogo marca 2 x 0 hoje e 4 x 0 totais no ypiranga aos 42' do 2º. fogoooooooooooooi �������������� e o jande
rson fez o dele numa assistência primorosa de mati! ��� matías......joga muito....que arrancada e q passe.....goool do janderson. gol! botaf
ogo marca 2 x 0 hoje e 4 x 0 totais no ypiranga aos 42' do 2º. gostei tbm, vai ser muito gostoso conquistar os 3 pontos nesse tapete!! botafogo n tem dificuldade p ganhar de timinho n, n precisa de pênalti esse vai pro brother do janderson, que ta la no céu comemorando agora. baita garimpagem. o são paulo deixou um diamante na bateia do botafogo. : essa tabelinha antes do chutaço do tche tche ������ : essa tabelinha ant
es do chutaço do tche tche ������ esse foguinho aí não tá com nada, era pra ser goleada nesse    timeco. botafogo 2x0 ypiranga-rs #copadobra
sil #copadobrasil2023 #botxypi esse segovinha joga demais. meu deus do céu como é bom ser botafogo é o 1º gol do atacante de 23 anos em 2 jogos pelo clube #trnilton : goooooooooooooooooooooooooooooooooooooooooooooooooooooooooool!!!!!! : goooooooooooooooooooooooooooooooooooooooooooooooooooooooooool!!!!!! : goooooooooooooooooooooooooooooooooooooooooooooooooooooooooool!!!!!! : goooooooooooooooooooooooooooooooooooooooooooooooooooooooooool!!!!!! alô fica de olho nesse segóvia hein, maluco é bom de bola kkkkk eu só quero 1 copa do brasil, dorival faça um milagre por favor goooooooooooooooooooooooooooooooooooooooooooooooooooooooooool!!!!!! coe botafogo, faz mais um golzinho aí pra eu testar um negócio : toda a torcida do botafogo rj presente no engenhão ��� gooooooooooooooooooooooooollllllllll do botafogo!!!! janderson!!!! : toda a torcida do botafog
o rj presente no engenhão ��� que jogada do segovinha, que golaço do menino janderson. vamos obrigado botafogo obrigado meu deus por ter me
dado esse presente botafogo colocando dinheiro no meu bolso no final, time maldito o presidente do fluminense morre de inveja dessa imagem ��
 : goooooooooooooooooooooooooooooool! janderson aumenta o placar! boa botafogo, dmr, mas saiu, sufoco pra fazer um gol kkkk botafogo botando dinheiro no meu bolso ������ queria falar nada não... mas o tá embalado hein?! ⭐�� : é o poeir    aço do fogão ��✋�� #vamosbotafogo goooo
oooooooooooooooooooooooooool! janderson aumenta o placar! : james rodriguez no botafogo? marcos leite está trabalhando. botafogo foi o unico grande que não passou sufoco, confere? para um jogo que já estava decidido foi até um bom público. botafogo faz gol aos 9 minutos e dps não faz mas nenhum vsfd torcida do botafogo: coitadinha da raça, a raça do uru… torcida do botafogo: coitadinha da raça, a raça do uru… torcida do botafogo: coitadinha da raça, a raça do uru… passe de quem sabe do segovinha, na medida para janderson! janderson ampliou para o botafogo, aos 43 minutos.�� se parcelar os 100 reais acho jogo. tudo pra não ir pra zs ele é muito pica deixo o goleiro na merda, merece muito assistência do se
govinha, gol do janderson coisa linda esse daí é corre louco pra caralho junto com o tchê ² bahia y botafogo se enfrentan en el cierre de la fecha 2 só falta o flamengo e o botafogo para fazer um gol � 19 finalizações e 8 chutes a gol, teu ti me q é cego pesquisa informal aqui, cite times brasileiros: 1- cap como que a torcida disso aqui quer zoar alguém, como? olha o gol �����������  #botafogo #flamengo #brasileirã
o #copadobrasil a disputa nas pontas está ficando boa ein ��� cara assiste um jogo do botafogo e ve o lucas perri pfv gol do botafogo, me pa
ga denise kkkkkkkkkkkkkkkkkkkk mas o resultado veio �� qual a necessidade mano? é a tropa do jandecoooooooooooooooooooooooooooooooooo segovin
ha joga muito! que bola do baixola #botafogo incrível como o sp virou um clube que só faz merda esse tomás bastos tem um canhão na perna esquerda. bairro é uma piada kkkkkkkkkkkkkkkkkkkkkkkkkkkkkkkk o gol mais esperado do nilton santos, do botafogo! matt segovia faz passe perfeito pra janderson marcar #botafogo #vouteapoiarateofinal #vamosbotafogo #vamosbotafogo #vouteapoiarateofinal #botafogo a camisa mais bonita da historia do futebol mundial po o time perdeu mt gol mas irrita n querer jg msm : botafogo tomando uns tapas do ypiranga kkkkkkkkk parece que bola e luvas do goleroso tem feltro� gol carakho eu falei que era so o oitro sair porra que tapa do segovinha, nossa senhora #botafogo obrigado botafogo  pela vitória, te amo �� " o ypiranga é favorito contra o botafogo " ��������� to emocion         ada o hugo conseguiu levar caão nesse jogo.
 cambada. eu ja estava prestes a me mata-r na frente de vcs ahhhhhh eu tô maluco é o botafogo porraaaaaaaaa jogada? bom passe no máximo. só conduziu a bola se alguém dia duvidei do processo eu nem lembro como é bom entender de botafogo, meus amigos! o botafogo perdeu o meio com a saída do tchê2 eram de patamares bem parecidos até os anos 50 guerra pra eles e um simples jogo pro flamengo. o janderson sabe finalizar pelo menos, vamoos segovinha titular fodase, quero saber de nada depois desse gol aí merece um e patrocínio do eh o jandeco poha, e que jogada do piruzinho pega fogo cabaré- botafogo futebol e regatas! torço muito pra esse muleke,merece o melhor botafogo 2x0 ypiranga (ida: 2x0) merece demais é muito bom ser botafogo de futebol e regatas botafogo vamoooo ������� vc é muito chato mesmo, da uma relaxada ai nunca critiquei botafogo d
e futebol e regatas segovinha e janderson, coisa linda �� : botafogo 1x0 ypiranga (ida: 2x0) kkkkk kkkkk bela jogada do segovinha pro janderso n cravar tomei spoiler dos dois gols cara, sacanagem o botafogo não cansa de vencer!!!!!!�� time d o botafogo é nojento mlk mkkkk q isso tá me  dando agonia esse 1x0 contra ypiranga sim, o juninho é apático, o raí não. segovinha puxando contra ataque ��� ⚽️⚽️�������� so torc
i pro botafogo hj por causa de aposta kkkkkkkkkkkkkkkkkkkkkk fica quieto ai maluco merece demaisss!! brilha garoto! joga fácil #botxypi | 1-0 | #vouteapoiaratéofinal segovinha é a reencarnação do garrincha! isso é botafogo de futebol e regatas porra posta a fotoooooooooooooooooooooooo caralho falei que hj ia sair gol do homi tiquinho 2 messi do paraguai tá amassando geral mané grêmio levou pros pênaltis contra esse... muito feliz por ele meu deus que história olha o botafogo ai gente!!! ta embalado!!! ⚽ gooool do fogão! janderson!!! #amib por isso diplacido está a frente dele ... segovia joga pra crl, vai tomar no cu! botafogo só para baixinhos ��� messi joga no botafogo e eu posso provar leram meu twee
t hehehe gol do botafogo! éééééééé do botafooogo ..⭐️ da um aq na foto da gata pra dar mídia � botafogo 2 x 0 ypiranga #bfr1942 gooooooooooooo l do botafogo! janderson! bom público no enchenão ��� foi a torcida inteira. impressionante. botafogo 2x0 ypiranga-rs. #niltonenm gooll do b
otafogo ⚽️ "janderson pô se ele der realmente chegou a fama gestão desse ano parece que se aceou se é o fluminense o mundo acaba hoje botafogo de futebol e regatas ⭐� ⚽ janderson | botafogo 2x0 ypiranga ⚽ janderson | botafogo 2x0 ypiranga �copa do brasil - 3ª fase - volta bela jogada
 do nosso pré adolescente g��������� é de quem? é do botafogo. janderson e ainda é o capitão neste momento. é bom pra caralho ser bota
fogo!!!!! retiro o que disse, fogaaaaum � ��������� segovinha joga dms!!!!!!!!!!!!!!!!!! botafogo faz amor em campo, irmão é do criaa
aaa. que passe do segovia : � ao vivo: botafogo x ypiranga e isso sem ganhar nem par ou ímpar vaaaaaaaaaaaaaaaaaaaaaaaaaaaaaamo!! eu ja tava p ensando no red �� goooool do botafogo!!! ��� matheus nascimento e janderson d… como é bom torce  r pro botafogo pqp matheus nascimento e jan
derson d… ⚽️ *flamengo x botafogo*⚽️ why is eduardo still on the bench? meu botafogo jogando o finoooooooo o botafogo é um inseto mesmo vtnc olha o gol botafogo 2 x 0 ypiranga botafogo de futebol e regatas � #canarinho #copabetanodobrasil : botafogo 2x0 ypiranga (ida: 2x0) 41'/2t - ca ão amarelo para hugo. aaaaa ele fez um gol ��� é dele porra����� janderson amplia para o glo   rioso! que bola do segovinha belo gol do pa
ida honesta do botafogo reserva isso nunca foi muito difícil né esqueci q hj tem jogo do botafogo até que enfim o segundo �� rafael é ex joga
dor em atitude. parabéns fogo � ��� isso que é engajamento �� �������� 3/4 de gol pro  nosso mini craque janderson vai crescer ain
da mais botafogo meio que nois te ama po ⚽️goooooool do botafogo! 43' #bfrxypi #copabetanodobrasil tem que dar mais tempo pro mlk!! já pelo patrick de paula? pqp! botafogo e ld bom não combinam goooooooooooooolll do botafogo! a estrela solitária é gigante voa, cria!!!!!!! siga! ⬇️ botafogo eu te amo ��� botafogo de futebol e regatas! segovinha mito, nosso lionel botafogo de futebol e regatas. botafogo 2 x 0 � (agg: 3x0) a
 zika reversa sempre funciona merece muito nmrl ��� jaaaannndeeerrssssoooonnnnnnnn só falta o gremio fazer a boa botafogo de futebol e regat
as. � copa do brasil | 3ª fase botafogo de futebol e regatas. � copa do brasil | 3ª fase parabéns botafogo,parabéns � copa do brasil | 3ª fa
se � copa do brasil | 3ª fase : �〽️ #vamosbotafogo gabriel da conceição dos… botafogo de futebol e regatas que você simpatiza: 3- chape bota
fogo de futebol e regatas botafogo de futebol e regatas botafogo de futebol e regatas botafogo de futebol e regatas : �〽️ #vamosbotafogo bota
fogo de futebol e regatas vamooooooo é mais um�� botafogo de futebol e regatas botafogo de futebol e regatas botafogo gigante caralhoooooo �
 *maracanã 30/04 16:00* fodase gol pagaaaaaa bet fdp mata botafogo mata mata mata botafogo tá embalado demais para animar! #botafogo 2x0 chutou em cima do goleiro po que passe do matias segóvia ������� matías segovia é pika � lotado kkkkkkkkkkkkkkkkkkkk �️ *setor noe* �️ • co
pa do brasil 2023 • �tá láaaaaaaaa ✅� merece e melhor que matheus para o faminto, é o pão porrannnnnnnnn ��� o botafogo é muito pequeno me
lhor q matheus sofrimento para o faminto, é o pão como diz o : uh dá um teco #copadobrasilnoprimevideo vaaaaamoooo���� 1 - corinthians e fl
amengo time displicente do cacete ⚽️janderson | 42' 2°t olha o gooooooool futemax? botafogo 2 x 0 ypiranga-rs para o doente, é a cura para o doente, é a cura gooooooooooool do botafogo estamos pelo gremiudo � rafael é mt ruim, vtnc vai pro gabigol kkkkkkkkk merece muito esse moleque b otafogo fazendo a boa s2 ⚽️ janderson 42” 2t o primeiro de muitos � ⚽️ matheus nascimento janderson!!! botafogo 2x0 mn não faria esse! kkkkk ⚽ ️ matheus nascimento faz um golzinho botafogo acho o botafogo legal tb podre esse time botafogo visivelmente sem vontade como é bom ser botafogo segovinha é craque tmlc jânderson deixa o seu!! quem diabo é janderson? segovinha é muito brabo o janderson não perdoa! � copa do brasil 202 3 cabe mais uns 2 aí, . #botxypi | [4] 2-0 [0] belo passo do segovinha. �: amazon prime video belo passe do segovinha. fora rafael do botafogo  � *brasileirão*� sou tricolor e concordo bom demais ser botafogo botafogo 2 x 0 ypiranga baita botafogo �� mlk merece ��� minha casa me
u botafogo tá na redeeeeeeee! ⚽ botafogo 2 x 0 ypiranga botafogo 2 x 0 ypiranga botafogo 2 x 0 ypiranga para o cego, é a luz para o moo, é a vida botafogo 2 x 0 ypiranga : alô, flumilicia... é fogão nas cabeças! segovinha é craque krl botafogo 2 x 0 ypiranga para o cego, é a luz para o moo, é a vida jandeco é casca grossa botafogo 2 x 0 ypiranga botafogo canalhaaaaaaaa botafogo 2 x 0 ypiranga ta no prime msm kkkkkkk #botafogo #glorioso rexpeitaaaaaaa meu cria botafogo 2 x 0 ypiranga � vítor silva/ bfr ela tá arrasando! ☺ #botafogo x ypiranga #botafogo x ypiranga va moooooooo porraaaaaa aqui ta atrasado porra jogadassa do segovinha : quem é luis castro? que dupla ���  : quem é luis castro? � vítor silva/
 bfr #botafogo x ypiranga botafogo 2x0 ypiranga! gol saindo 50 dias dps : faz o m! �〽️ : público e renda de renda r$ 501.750,00 : público e r
enda de renda r$ 501.750,00 em cima do goleiro kk chegando em botafogo: botafogo 2x0 ypiranga botafogo 2x0 ypiranga botafogo 2x0 ypiranga : faz o m! �〽️ calou minha boca haha faz mais um, fodase 11 mil pessoas kkkkkk jandersoooooon!!!!!!! eu te amo, botafogo botafogo 2x0 ypiranga pro
vocou! �️� botafogo 2x0 ypiranga eu falei que é bola! botafogo 2x0 ypiranga segovinha e nada más bot afogo 2x0 ypiranga botafogo 2x0 ypiranga
botafogo 2x0 ypiranga botafogo 2x0 ypiranga : público e renda de renda r$ 501.750,00 botafogo 2x0 ypiranga o botafogo é gigante que delícia de lance botafogo 2x0 ypiranga �️ botafogo tv: tranquilo irmão� contra o ypiringa é até que fim caralho  o botafogo transa!!! jogadassa do mclovi n segovinha joga muito gooooooooooooooooool ����� ����� �️ meu botafogo tá mt longe de ser  3- grêmio/botafogo nunca critiqueeeiii se
govinha é gênio mais um! ⚽️� reserva do tiquinho mereceu demais!� golllll do botafogo #copadobrasil2023 fogooo ✅️✅️ � matias segovia #copado
brasil2023 bot 2 �️ 0 yfc � matias segovia bela paida do hugo boa jogada do hugo que paida do hugo!  táxi e caminhão. fogoooooo pohaaaaa fogoo oooooooooooo. : gol do botafogo! boa fogudo�� vamos crlho kkkkkk que passe do mati! é igual ao chaves � gustavo sauer � gustavo sauer hugo
hoje foi bem 3 - américa - mg ▶️� htt… te amo vamooooooo obrigado! testei. fodac #botafogo 2 x 0 ypir anga-rs segovinha é bola já tá resolvido 2 x 0 ypiranga-rs te odeio botafogo ▶️� htt… janderson amplia! obrigada botafogo ptqppp te amooooo fi nalmente né bb merece muito � janderson
amplia! janderson amplia! segovinha é foda e obrigado denise janderson amplia! tragam as taças. janderson amplia! bora crl �� ele mereceeeeee
ew obrigado botafogo botafogo pra crl presentes 11.088 presentes 11.088 quero mais porra tem qnts? valor? gol do botafogo! meus sentimentos claro que nã… esse mlk merecia apresentado por: botafogo caralho fogo carakhooooo gol do botafogo! jandersonnnnnnnn gol porraaaaaaaa tem bola na rede ���� ⚽️ janderson boa, cria! 〽 copa do brasil l ⚽️ janderson presentes 11.088 ⚽️ janderson 1 - uberaba spo que mais odeia: #copadobras
il #copadobrasil gol do botafogo #copadobrasil que mais odeia: e brocou!!!!!!! taxi caminhão. brabooo �⭐⭐ botafogo do rio kkkkkkkkkkk.... merecido demais crlh q delícia golaçooooooooo #copadobrasil kkjjkkkkkkkkkkk #copadobrasil #copadobrasil jandeco é cria pc vasconcellos 4x0 no agregado anexo iranildo ele errou tudo pagantes 9.843 pagantes 9.843 jandegooooolll amém botafogo merece muito!! é o mlk porra é o glorioso! boa!!!! vamooo pagantes 9.843 como ta o jogo vascão tá!? janderson ⚽ fora chamusca boaaa craque! ⚽ janderson 2 - botafogo 2- palmeiras gooooooooool base foe� merece muito ��� se ela di… jandergol!!! se ela di… #botafogo kkkkkkkkkkk soe a nossa vamoooooooo #botafogo vamooooooos #botafogo #b
otafogo bot 2x0 yfc vamo porraa #botafogo #glorioso 2 x 0 (4x0) boa caralho jandersonnn jandersonnn jandershow e veio aí #botxyfc ele merece ▶️�  jefferson botafogo! janderson botafogo. te amoooo cabe mais jandergol vamooooos #fogão fogoooooo igual… menos... #prime 1- vasco botafogo � � vamossss botafogo merecido �� segolvia igual… 2- galo matiiii faz o j é nois rafael pqp!!! vamooo vamooo